BIO_new_buffer_ssl_connect , BIO_free
,
BIO_new_ssl , BIO_ctrl
,
BIO_new_ssl_connect , BIO_free
,
BIO_open_with_default , BIO_new_fp
,
BIO_ssl_copy_session_id , SSL_copy_session_id
,
BIO_ssl_shutdown , SSL_shutdown
,
CRYPTO_THREADID_cmp , memcmp
,
CRYPTO_THREADID_cpy , memcpy
,
CRYPTO_THREADID_current , __errno_location
,
CRYPTO_THREADID_set_numeric , memset
,
CRYPTO_THREADID_set_pointer , memset
,
CRYPTO_add_lock , CRYPTO_lock
,
CRYPTO_cleanup_all_ex_data , impl_check
,
CRYPTO_dbg_free , CRYPTO_mem_ctrl
,
CRYPTO_dbg_malloc , CRYPTO_mem_ctrl
,
CRYPTO_dbg_realloc , CRYPTO_mem_ctrl
,
CRYPTO_destroy_dynlockid , CRYPTO_free
,
CRYPTO_dup_ex_data , impl_check
,
CRYPTO_ex_data_new_class , impl_check
,
CRYPTO_free_ex_data , impl_check
,
CRYPTO_get_dynlock_value , CRYPTO_lock
,
CRYPTO_get_ex_data , sk_value
,
CRYPTO_get_ex_data_implementation , impl_check
,
CRYPTO_get_ex_new_index , impl_check
,
CRYPTO_get_lock_name , sk_value
,
CRYPTO_get_new_dynlockid , CRYPTO_free
,
CRYPTO_get_new_lockid , CRYPTO_free
,
CRYPTO_is_mem_check_on , CRYPTO_lock
,
CRYPTO_lock , CRYPTO_destroy_dynlockid
,
CRYPTO_mem_ctrl , CRYPTO_lock
,
CRYPTO_mem_leaks , CRYPTO_mem_ctrl
,
CRYPTO_mem_leaks_cb , lh_doall_arg
,
CRYPTO_mem_leaks_fp , BIO_ctrl
,
CRYPTO_new_ex_data , impl_check
,
CRYPTO_pop_info , CRYPTO_mem_ctrl
,
CRYPTO_push_info_ , CRYPTO_mem_ctrl
,
CRYPTO_realloc , CRYPTO_malloc
,
CRYPTO_realloc_clean , memcpy
,
CRYPTO_remalloc , CRYPTO_malloc
,
CRYPTO_remove_all_info , CRYPTO_mem_ctrl
,
CRYPTO_set_ex_data , sk_set
,
CRYPTO_set_ex_data_implementation , CRYPTO_lock
,
CRYPTO_strdup , strlen
,
CRYPTO_thread_id , getpid
,
ConvertAEPBigNum , memset
,
ENGINE_load_4758cca , ENGINE_add
,
ENGINE_load_aep , ENGINE_add
,
ENGINE_load_atalla , ENGINE_add
,
ENGINE_load_chil , ENGINE_add
,
ENGINE_load_cswift , ENGINE_add
,
ENGINE_load_gost , ENGINE_add
,
ENGINE_load_nuron , ENGINE_add
,
ENGINE_load_sureware , ENGINE_add
,
ENGINE_load_ubsec , ENGINE_add
,
ERR_GOST_error , ERR_put_error
,
ERR_load_CRYPTO_strings , ERR_load_strings
,
ERR_load_GOST_strings , ERR_load_strings
,
ERR_load_SSL_strings , ERR_load_strings
,
ERR_unload_GOST_strings , ERR_unload_strings
,
GOST_CIPHER_PARAMS_free , ASN1_item_free
,
GOST_CIPHER_PARAMS_new , ASN1_item_new
,
GOST_CLIENT_KEY_EXCHANGE_PARAMS_free , ASN1_item_free
,
GOST_CLIENT_KEY_EXCHANGE_PARAMS_new , ASN1_item_new
,
GOST_KEY_AGREEMENT_INFO_free , ASN1_item_free
,
GOST_KEY_AGREEMENT_INFO_new , ASN1_item_new
,
GOST_KEY_INFO_free , ASN1_item_free
,
GOST_KEY_INFO_new , ASN1_item_new
,
GOST_KEY_PARAMS_free , ASN1_item_free
,
GOST_KEY_PARAMS_new , ASN1_item_new
,
GOST_KEY_TRANSPORT_free , ASN1_item_free
,
GOST_KEY_TRANSPORT_new , ASN1_item_new
,
GetHostByName , strcpy
,
KDF1_SHA1 , SHA1
,
MakeAEPBigNum , memcpy
,
OBJ_bsearch_ssl_cipher_id , OBJ_bsearch_
,
OPENSSL_cpuid_setup , OPENSSL_ia32_cpuid
,
OPENSSL_gmtime , gmtime_r
,
OPENSSL_gmtime_adj , julian_to_date
,
OPENSSL_issetugid , getgid
,
OPENSSL_showfatal , __builtin_va_start
,
OPENSSL_strcasecmp , strcasecmp
,
OPENSSL_strncasecmp , strncasecmp
,
OpenSSLDie , OPENSSL_showfatal
,
PEM_read_SSL_SESSION , PEM_ASN1_read
,
PEM_read_bio_SSL_SESSION , PEM_ASN1_read_bio
,
PEM_write_SSL_SESSION , PEM_ASN1_write
,
PEM_write_bio_SSL_SESSION , PEM_ASN1_write_bio
,
SSL_CIPHER_description , BIO_snprintf
,
SSL_COMP_add_compression_method , CRYPTO_mem_ctrl
,
SSL_COMP_get_compression_methods , load_builtin_compressions
,
SSL_CTX_add_client_CA , add_client_CA
,
SSL_CTX_add_session , CRYPTO_lock
,
SSL_CTX_check_private_key , X509_check_private_key
,
SSL_CTX_ctrl , lh_num_items
,
SSL_CTX_flush_sessions , CRYPTO_lock
,
SSL_CTX_free , CRYPTO_free
,
SSL_CTX_get_ex_data , CRYPTO_get_ex_data
,
SSL_CTX_get_ex_new_index , CRYPTO_get_ex_new_index
,
SSL_CTX_get_verify_depth , X509_VERIFY_PARAM_get_depth
,
SSL_CTX_load_verify_locations , X509_STORE_load_locations
,
SSL_CTX_new , SSL_CTX_free
,
SSL_CTX_remove_session , remove_session_lock
,
SSL_CTX_set1_param , X509_VERIFY_PARAM_set1
,
SSL_CTX_set_cert_store , X509_STORE_free
,
SSL_CTX_set_cipher_list , ERR_put_error
,
SSL_CTX_set_client_CA_list , set_client_CA_list
,
SSL_CTX_set_client_cert_engine , ERR_put_error
,
SSL_CTX_set_default_verify_paths , X509_STORE_set_default_paths
,
SSL_CTX_set_ex_data , CRYPTO_set_ex_data
,
SSL_CTX_set_generate_session_id , CRYPTO_lock
,
SSL_CTX_set_msg_callback , SSL_CTX_callback_ctrl
,
SSL_CTX_set_purpose , X509_VERIFY_PARAM_set_purpose
,
SSL_CTX_set_session_id_context , memcpy
,
SSL_CTX_set_ssl_version , ERR_put_error
,
SSL_CTX_set_tmp_dh_callback , SSL_CTX_callback_ctrl
,
SSL_CTX_set_tmp_ecdh_callback , SSL_CTX_callback_ctrl
,
SSL_CTX_set_tmp_rsa_callback , SSL_CTX_callback_ctrl
,
SSL_CTX_set_trust , X509_VERIFY_PARAM_set_trust
,
SSL_CTX_set_verify_depth , X509_VERIFY_PARAM_set_depth
,
SSL_CTX_use_PrivateKey , ssl_set_pkey
,
SSL_CTX_use_PrivateKey_ASN1 , SSL_CTX_use_PrivateKey
,
SSL_CTX_use_PrivateKey_file , BIO_free
,
SSL_CTX_use_RSAPrivateKey , RSA_up_ref
,
SSL_CTX_use_RSAPrivateKey_ASN1 , SSL_CTX_use_RSAPrivateKey
,
SSL_CTX_use_RSAPrivateKey_file , BIO_free
,
SSL_CTX_use_certificate , ssl_set_cert
,
SSL_CTX_use_certificate_ASN1 , SSL_CTX_use_certificate
,
SSL_CTX_use_certificate_chain_file , BIO_free
,
SSL_CTX_use_certificate_file , BIO_free
,
SSL_CTX_use_psk_identity_hint , BUF_strdup
,
SSL_SESSION_free , OPENSSL_cleanse
,
SSL_SESSION_get_ex_data , CRYPTO_get_ex_data
,
SSL_SESSION_get_ex_new_index , CRYPTO_get_ex_new_index
,
SSL_SESSION_list_add , SSL_SESSION_list_remove
,
SSL_SESSION_new , memset
,
SSL_SESSION_print , X509_verify_cert_error_string
,
SSL_SESSION_print_fp , BIO_ctrl
,
SSL_SESSION_set_ex_data , CRYPTO_set_ex_data
,
SSL_accept , SSL_set_accept_state
,
SSL_add_client_CA , add_client_CA
,
SSL_add_dir_cert_subjects_to_stack , CRYPTO_lock
,
SSL_add_file_cert_subjects_to_stack , sk_set_cmp_func
,
SSL_check_private_key , X509_check_private_key
,
SSL_clear , ssl_clear_cipher_ctx
,
SSL_connect , SSL_set_connect_state
,
SSL_copy_session_id , SSL_set_session_id_context
,
SSL_ctrl , SSL_version
,
SSL_do_handshake , SSL_state
,
SSL_dup , SSL_free
,
SSL_dup_CA_list , sk_pop_free
,
SSL_free , CRYPTO_free
,
SSL_get1_session , CRYPTO_lock
,
SSL_get_cipher_list , sk_value
,
SSL_get_error , SSL_want
,
SSL_get_ex_data , CRYPTO_get_ex_data
,
SSL_get_ex_data_X509_STORE_CTX_idx , CRYPTO_lock
,
SSL_get_ex_new_index , CRYPTO_get_ex_new_index
,
SSL_get_fd , SSL_get_rfd
,
SSL_get_finished , memcpy
,
SSL_get_peer_certificate , CRYPTO_add_lock
,
SSL_get_peer_finished , memcpy
,
SSL_get_rfd , BIO_ctrl
,
SSL_get_shared_ciphers , strcpy
,
SSL_get_verify_depth , X509_VERIFY_PARAM_get_depth
,
SSL_get_wfd , BIO_ctrl
,
SSL_has_matching_session_id , lh_retrieve
,
SSL_library_init , EVP_des_cbc
,
SSL_load_client_CA_file , ERR_clear_error
,
SSL_load_error_strings , ERR_load_crypto_strings
,
SSL_new , ERR_put_error
,
SSL_peek , ERR_put_error
,
SSL_read , ERR_put_error
,
SSL_set1_param , X509_VERIFY_PARAM_set1
,
SSL_set_SSL_CTX , SSL_CTX_free
,
SSL_set_accept_state , ssl_clear_cipher_ctx
,
SSL_set_bio , BIO_free_all
,
SSL_set_cipher_list , ERR_put_error
,
SSL_set_client_CA_list , set_client_CA_list
,
SSL_set_connect_state , ssl_clear_cipher_ctx
,
SSL_set_ex_data , CRYPTO_set_ex_data
,
SSL_set_fd , BIO_int_ctrl
,
SSL_set_generate_session_id , CRYPTO_lock
,
SSL_set_msg_callback , SSL_callback_ctrl
,
SSL_set_purpose , X509_VERIFY_PARAM_set_purpose
,
SSL_set_rfd , SSL_get_wbio
,
SSL_set_session , SSL_set_ssl_method
,
SSL_set_session_id_context , memcpy
,
SSL_set_session_ticket_ext , memcpy
,
SSL_set_tmp_dh_callback , SSL_callback_ctrl
,
SSL_set_tmp_ecdh_callback , SSL_callback_ctrl
,
SSL_set_tmp_rsa_callback , SSL_callback_ctrl
,
SSL_set_trust , X509_VERIFY_PARAM_set_trust
,
SSL_set_verify_depth , X509_VERIFY_PARAM_set_depth
,
SSL_set_wfd , SSL_get_rbio
,
SSL_shutdown , SSL_state
,
SSL_use_PrivateKey , ssl_set_pkey
,
SSL_use_PrivateKey_ASN1 , SSL_use_PrivateKey
,
SSL_use_PrivateKey_file , BIO_free
,
SSL_use_RSAPrivateKey , RSA_up_ref
,
SSL_use_RSAPrivateKey_ASN1 , SSL_use_RSAPrivateKey
,
SSL_use_RSAPrivateKey_file , BIO_free
,
SSL_use_certificate , ssl_set_cert
,
SSL_use_certificate_ASN1 , SSL_use_certificate
,
SSL_use_certificate_file , BIO_free
,
SSL_use_psk_identity_hint , BUF_strdup
,
SSL_write , ERR_put_error
,
SSLeay_version , BIO_snprintf
,
SortFnByName , __builtin_strcmp
,
Time_F , app_tminterval
,
VKO_compute_key , init_gost_hash_ctx
,
add_DN_object , X509_NAME_add_entry_by_NID
,
add_attribute_object , BIO_printf
,
add_certs_from_file , sk_free
,
add_client_CA , X509_NAME_free
,
add_ocsp_cert , BIO_printf
,
add_ocsp_serial , BIO_printf
,
add_oid_section , BIO_printf
,
aep_close_all_connections , CRYPTO_lock
,
aep_close_connection , CRYPTO_lock
,
aep_ctrl , ERR_AEPHK_error
,
aep_destroy , free_AEP_LIBNAME
,
aep_dsa_mod_exp , BN_free
,
aep_finish , ERR_AEPHK_error
,
aep_get_connection , CRYPTO_lock
,
aep_init , DSO_free
,
aep_mod_exp , ERR_AEPHK_error
,
aep_mod_exp_crt , ERR_AEPHK_error
,
aep_mod_exp_dh , aep_mod_exp
,
aep_mod_exp_dsa , aep_mod_exp
,
aep_mod_exp_mont , aep_mod_exp
,
aep_return_connection , CRYPTO_lock
,
aep_rsa_mod_exp , aep_mod_exp
,
alg_print , OBJ_obj2nid
,
app_RAND_load_file , BIO_printf
,
app_RAND_load_files , app_RAND_allow_write_file
,
app_RAND_write_file , BIO_printf
,
app_get_pass , BUF_strdup
,
app_info_LHASH_COMP , app_info_cmp
,
app_info_LHASH_HASH , app_info_hash
,
app_info_cmp , CRYPTO_THREADID_cmp
,
app_info_free , CRYPTO_free
,
app_info_hash , CRYPTO_THREADID_hash
,
app_isdir , stat
,
app_passwd , app_get_pass
,
app_tminterval , sysconf
,
append_buf , BUF_strlcat
,
apps_ssl_info_callback , SSL_state_string_long
,
args_verify , X509_VERIFY_PARAM_set_depth
,
asn1parse_main , OBJ_cleanup
,
atalla_ctrl , ERR_ATALLA_error
,
atalla_destroy , free_ATALLA_LIBNAME
,
atalla_dsa_mod_exp , BN_free
,
atalla_finish , ERR_ATALLA_error
,
atalla_init , DSO_free
,
atalla_mod_exp , BN_CTX_end
,
atalla_mod_exp_dh , atalla_mod_exp
,
atalla_mod_exp_dsa , atalla_mod_exp
,
atalla_mod_exp_mont , atalla_mod_exp
,
atalla_rsa_mod_exp , atalla_mod_exp
,
auto_info , sk_value
,
bind_aep , RSA_PKCS1_SSLeay
,
bind_gost , ERR_load_GOST_strings
,
bind_helper , RSA_PKCS1_SSLeay
,
bind_sureware , ERR_load_SUREWARE_strings
,
bio_dump_callback , BIO_printf
,
bio_to_mem , BIO_ctrl
,
build_subject , X509_NAME_free
,
ca_dn_cmp , X509_NAME_cmp
,
ca_main , X509_CRL_free
,
callb , X509_STORE_CTX_get_current_cert
,
cb , ERR_clear_error
,
cb_leak_LHASH_DOALL_ARG , cb_leak_doall_arg
,
cca_ex_free , CRYPTO_free
,
cca_get_random_bytes , memcpy
,
cca_rsa_priv_dec , RSA_size
,
cca_rsa_pub_enc , RSA_size
,
cca_rsa_sign , OPENSSL_cleanse
,
cca_rsa_verify , OPENSSL_cleanse
,
cert_load , ERR_clear_error
,
cert_status_cb , OCSP_RESPONSE_free
,
certify , BIO_free
,
certify_cert , X509_free
,
certify_spkac , X509_NAME_ENTRY_free
,
check , X509_free
,
check_end , __builtin_strcmp
,
check_time_format , ASN1_TIME_set_string
,
chopup_args , CRYPTO_realloc
,
ciphers_main , BIO_free_all
,
circle_xor8 , memcpy
,
client_certificate , ssl2_do_write
,
client_finished , ssl2_do_write
,
client_hello , ssl2_do_write
,
client_master_key , ssl2_do_write
,
close_accept_socket , shutdown
,
cms_cb , policies_print
,
cms_main , CRYPTO_free
,
compute_pair_key_le , memset
,
copy_extensions , sk_pop_free
,
create_cert_store , X509_STORE_free
,
create_digest , CRYPTO_free
,
create_nonce , BIO_printf
,
create_query , TS_MSG_IMPRINT_free
,
create_response , TS_RESP_CTX_free
,
create_verify_ctx , BIO_free_all
,
crl2pkcs7_main , X509_CRL_free
,
crl_main , X509_STORE_CTX_cleanup
,
cryptopro_key_meshing , gost_dec
,
cswift_bn_32copy , memset
,
cswift_ctrl , ERR_CSWIFT_error
,
cswift_destroy , free_CSWIFT_LIBNAME
,
cswift_dsa_sign , BN_CTX_end
,
cswift_dsa_verify , BN_CTX_end
,
cswift_finish , ERR_CSWIFT_error
,
cswift_init , DSO_free
,
cswift_mod_exp , BN_CTX_end
,
cswift_mod_exp_crt , release_context
,
cswift_mod_exp_dh , cswift_mod_exp
,
cswift_mod_exp_mont , cswift_mod_exp
,
cswift_rand_bytes , release_context
,
cswift_rsa_mod_exp , cswift_mod_exp_crt
,
d2i_GOST_CIPHER_PARAMS , ASN1_item_d2i
,
d2i_GOST_CLIENT_KEY_EXCHANGE_PARAMS , ASN1_item_d2i
,
d2i_GOST_KEY_AGREEMENT_INFO , ASN1_item_d2i
,
d2i_GOST_KEY_INFO , ASN1_item_d2i
,
d2i_GOST_KEY_PARAMS , ASN1_item_d2i
,
d2i_GOST_KEY_TRANSPORT , ASN1_item_d2i
,
d2i_SSL_SESSION , SSL_SESSION_free
,
decode_gost_algor_params , OBJ_obj2nid
,
def_add_index , CRYPTO_lock
,
def_cleanup_cb , sk_pop_free
,
def_cleanup_util_cb , CRYPTO_free
,
def_generate_session_id , SSL_has_matching_session_id
,
def_get_class , ERR_put_error
,
destroy_ui_method , UI_destroy_method
,
dgst_main , BIO_free
,
dh_cb , BIO_write
,
dh_main , DH_free
,
dhparam_main , DH_free
,
doConnection , SSL_free
,
do_accept , BIO_printf
,
do_body , X509_free
,
do_cmd , BIO_printf
,
do_dtls1_write , ssl3_write_pending
,
do_fp , BIO_printf
,
do_generate , NCONF_free
,
do_keyop , EVP_PKEY_derive
,
do_multi , free
,
do_passwd , BIO_printf
,
do_responder , BIO_printf
,
do_revoke , CRYPTO_free
,
do_server , shutdown
,
do_ssl3_write , ssl3_write_pending
,
do_updatedb , ASN1_UTCTIME_free
,
done_gost_hash_ctx , free
,
dsa_cb , BIO_write
,
dsa_main , CRYPTO_free
,
dsaparam_main , DSA_free
,
dtls1_accept , BIO_ctrl
,
dtls1_add_cert_to_buf , i2d_X509
,
dtls1_buffer_message , pqueue_insert
,
dtls1_buffer_record , ERR_put_error
,
dtls1_clear , ssl3_clear
,
dtls1_clear_record_buffer , pqueue_pop
,
dtls1_clear_timeouts , memset
,
dtls1_client_hello , dtls1_do_write
,
dtls1_connect , BUF_MEM_free
,
dtls1_copy_record , memcpy
,
dtls1_ctrl , ssl3_ctrl
,
dtls1_dispatch_alert , BIO_ctrl
,
dtls1_do_write , ssl3_finish_mac
,
dtls1_double_timeout , dtls1_start_timer
,
dtls1_enc , memcmp
,
dtls1_free , pqueue_free
,
dtls1_get_ccs_header , memset
,
dtls1_get_cipher , ssl3_get_cipher
,
dtls1_get_client_method , DTLSv1_client_method
,
dtls1_get_hello_verify , ssl3_send_alert
,
dtls1_get_message , ssl3_send_alert
,
dtls1_get_message_fragment , ssl3_send_alert
,
dtls1_get_message_header , memset
,
dtls1_get_method , DTLSv1_method
,
dtls1_get_record , dtls1_clear_timeouts
,
dtls1_get_server_method , DTLSv1_server_method
,
dtls1_get_timeout , memset
,
dtls1_handle_timeout , dtls1_start_timer
,
dtls1_hm_fragment_free , CRYPTO_free
,
dtls1_hm_fragment_new , memset
,
dtls1_is_timer_expired , dtls1_get_timeout
,
dtls1_listen , SSL_get_rbio
,
dtls1_new , CRYPTO_free
,
dtls1_output_cert_chain , dtls1_set_message_header
,
dtls1_preprocess_fragment , ERR_put_error
,
dtls1_process_buffered_records , dtls1_buffer_record
,
dtls1_process_out_of_seq_message , CRYPTO_free
,
dtls1_process_record , ssl3_send_alert
,
dtls1_read_bytes , ssl3_send_alert
,
dtls1_read_failed , dtls1_handle_timeout
,
dtls1_reassemble_fragment , CRYPTO_free
,
dtls1_record_bitmap_update , memcpy
,
dtls1_record_replay_check , memcpy
,
dtls1_reset_seq_numbers , memset
,
dtls1_retransmit_buffered_messages , pqueue_next
,
dtls1_retransmit_message , SSL_get_wbio
,
dtls1_retrieve_buffered_fragment , ssl3_send_alert
,
dtls1_retrieve_buffered_record , dtls1_copy_record
,
dtls1_send_certificate_request , dtls1_do_write
,
dtls1_send_change_cipher_spec , dtls1_do_write
,
dtls1_send_client_certificate , dtls1_do_write
,
dtls1_send_client_key_exchange , EVP_PKEY_free
,
dtls1_send_client_verify , dtls1_do_write
,
dtls1_send_finished , dtls1_do_write
,
dtls1_send_hello_request , dtls1_do_write
,
dtls1_send_hello_verify_request , dtls1_do_write
,
dtls1_send_newsession_ticket , dtls1_do_write
,
dtls1_send_server_certificate , dtls1_do_write
,
dtls1_send_server_done , dtls1_do_write
,
dtls1_send_server_hello , dtls1_do_write
,
dtls1_send_server_key_exchange , BN_CTX_free
,
dtls1_set_message_header , dtls1_set_message_header_int
,
dtls1_start_timer , get_current_time
,
dtls1_stop_timer , memset
,
dtls1_write_app_data_bytes , dtls1_write_bytes
,
dtls1_write_bytes , do_dtls1_write
,
dump_cert_text , X509_get_subject_name
,
dump_certs_keys_p12 , sk_pop_free
,
dump_certs_pkeys_bag , OBJ_obj2nid
,
dump_certs_pkeys_bags , sk_value
,
ec_main , CRYPTO_free
,
ecparam_main , EC_GROUP_free
,
ecparam_print_var , BIO_printf
,
enc_main , CRYPTO_free
,
encode_gost_algor_params , GOST_KEY_PARAMS_free
,
engine_4758_cca , ENGINE_free
,
engine_aep , ENGINE_free
,
engine_atalla , ENGINE_free
,
engine_chil , ENGINE_free
,
engine_cswift , ENGINE_free
,
engine_gost , ENGINE_free
,
engine_main , BIO_free_all
,
engine_nuron , ENGINE_free
,
engine_sureware , ENGINE_free
,
engine_ubsec , ENGINE_free
,
errstr_main , printf
,
ex_class_item_LHASH_COMP , ex_class_item_cmp
,
ex_class_item_LHASH_HASH , ex_class_item_hash
,
ex_data_check , CRYPTO_lock
,
extract_host_port , extract_port
,
extract_port , __builtin_constant_p
,
fill_GOST2001_params , EC_POINT_free
,
fill_GOST94_params , BN_dec2bn
,
finish_hash , hash_step
,
free_AEP_LIBNAME , CRYPTO_free
,
free_ATALLA_LIBNAME , CRYPTO_free
,
free_CCA4758_LIB_NAME , CRYPTO_free
,
free_CSWIFT_LIBNAME , CRYPTO_free
,
free_HWCRHK_LIBNAME , CRYPTO_free
,
free_NURON_LIBNAME , CRYPTO_free
,
free_UBSEC_LIBNAME , CRYPTO_free
,
free_index , CRYPTO_free
,
freelist_extract , CRYPTO_malloc
,
freelist_insert , CRYPTO_free
,
function_LHASH_COMP , function_cmp
,
function_LHASH_HASH , function_hash
,
function_cmp , __builtin_strcmp
,
function_hash , lh_strhash
,
gendh_main , DH_free
,
gendsa_main , CRYPTO_free
,
generate_cookie_callback , EVP_sha1
,
generate_session_id , SSL_has_matching_session_id
,
genpkey_cb , BIO_write
,
genpkey_main , CRYPTO_free
,
genprime_cb , _IO_putc
,
genrsa_cb , BIO_write
,
genrsa_main , ERR_print_errors
,
getModulusAndExponent , memcpy
,
get_cert_chain , X509_STORE_CTX_cleanup
,
get_certificate_status , CRYPTO_free
,
get_client_finished , ssl2_return_error
,
get_client_hello , ERR_put_error
,
get_client_master_key , memcpy
,
get_current_time , gettimeofday
,
get_dh512 , BN_bin2bn
,
get_encryption_params , ERR_GOST_error
,
get_gost_engine_param , BUF_strdup
,
get_optional_pkey_id , ENGINE_finish
,
get_server_finished , ssl2_return_error
,
get_server_hello , memcpy
,
get_server_verify , ssl2_return_error
,
getbnfrombuf , BN_new
,
gnames_stack_print , sk_value
,
gost2001_compute_public , BN_CTX_end
,
gost2001_do_sign , BN_CTX_end
,
gost2001_do_verify , EC_POINT_free
,
gost2001_keygen , EC_KEY_set_private_key
,
gost2001_param_decode , fill_GOST2001_params
,
gost2001_param_encode , EVP_PKEY_get0
,
gost89_get_asn1_parameters , memcpy
,
gost89_set_asn1_parameters , CRYPTO_free
,
gost94_compute_public , BN_new
,
gost94_nid_by_params , BN_free
,
gost94_param_decode , fill_GOST94_params
,
gost94_param_encode , EVP_PKEY_get0
,
gost_cipher_cleanup , gost_destroy
,
gost_cipher_ctl , ERR_GOST_error
,
gost_cipher_do_cfb , memcpy
,
gost_cipher_do_cnt , gost_cnt_next
,
gost_cipher_init , gost_cipher_init_param
,
gost_cipher_init_cpa , EVP_CIPHER_CTX_iv_length
,
gost_cipher_init_param , EVP_CIPHER_CTX_iv_length
,
gost_cipher_set_param , gost_init
,
gost_cnt_next , memcpy
,
gost_control_func , gost_set_default_param
,
gost_crypt_mesh , gostcrypt
,
gost_dec , gostdecrypt
,
gost_dec_cfb , gostcrypt
,
gost_digest_cleanup , memset
,
gost_digest_copy , memcpy
,
gost_digest_final , finish_hash
,
gost_digest_init , memset
,
gost_digest_update , hash_block
,
gost_do_sign , BN_free
,
gost_do_verify , ERR_GOST_error
,
gost_enc , gostcrypt
,
gost_enc_cfb , gostcrypt
,
gost_enc_with_key , gost_key
,
gost_engine_destroy , gost_param_free
,
gost_get0_priv_key , EVP_PKEY_base_id
,
gost_imit_cleanup , memset
,
gost_imit_copy , memcpy
,
gost_imit_ctrl , gost_key
,
gost_imit_final , get_mac
,
gost_imit_init_cpa , memset
,
gost_imit_update , memcpy
,
gost_init , kboxinit
,
gost_mac , get_mac
,
gost_mac_iv , get_mac
,
gost_param_free , CRYPTO_free
,
gost_set_default_param , BUF_strdup
,
gost_set_priv_key , EVP_PKEY_base_id
,
gost_sign_keygen , BN_new
,
gostcrypt , f
,
gostdecrypt , f
,
hash_block , memcpy
,
hash_step , memcpy
,
hashsum2bn , getbnfrombuf
,
hex_prin , BIO_printf
,
host_ip , BIO_printf
,
hwcrhk_ctrl , ERR_HWCRHK_error
,
hwcrhk_destroy , free_HWCRHK_LIBNAME
,
hwcrhk_finish , BIO_free
,
hwcrhk_get_pass , UI_free
,
hwcrhk_init , DSO_free
,
hwcrhk_insert_card , UI_free
,
hwcrhk_load_privkey , RSA_free
,
hwcrhk_load_pubkey , EVP_PKEY_free
,
hwcrhk_log_message , CRYPTO_lock
,
hwcrhk_mod_exp , ERR_add_error_data
,
hwcrhk_mod_exp_dh , hwcrhk_mod_exp
,
hwcrhk_mod_exp_mont , hwcrhk_mod_exp
,
hwcrhk_mutex_destroy , CRYPTO_destroy_dynlockid
,
hwcrhk_mutex_init , CRYPTO_get_new_dynlockid
,
hwcrhk_mutex_lock , CRYPTO_lock
,
hwcrhk_mutex_unlock , CRYPTO_lock
,
hwcrhk_rand_bytes , ERR_add_error_data
,
hwcrhk_rsa_finish , CRYPTO_free
,
hwcrhk_rsa_mod_exp , ERR_add_error_data
,
i2d_GOST_CIPHER_PARAMS , ASN1_item_i2d
,
i2d_GOST_CLIENT_KEY_EXCHANGE_PARAMS , ASN1_item_i2d
,
i2d_GOST_KEY_AGREEMENT_INFO , ASN1_item_i2d
,
i2d_GOST_KEY_INFO , ASN1_item_i2d
,
i2d_GOST_KEY_PARAMS , ASN1_item_i2d
,
i2d_GOST_KEY_TRANSPORT , ASN1_item_i2d
,
i2d_SSL_SESSION , ASN1_put_object
,
ibm_4758_cca_ctrl , ERR_CCA4758_error
,
ibm_4758_cca_destroy , ERR_unload_CCA4758_strings
,
ibm_4758_cca_finish , ERR_CCA4758_error
,
ibm_4758_cca_init , DSO_free
,
ibm_4758_load_privkey , CRYPTO_free
,
ibm_4758_load_pubkey , CRYPTO_free
,
impl_check , CRYPTO_lock
,
index_index , BIO_printf
,
index_name_LHASH_COMP , index_name_cmp
,
index_name_LHASH_HASH , index_name_hash
,
index_name_cmp , __builtin_strcmp
,
index_name_hash , lh_strhash
,
index_serial_LHASH_COMP , index_serial_cmp
,
index_serial_LHASH_HASH , index_serial_hash
,
index_serial_cmp , __builtin_strcmp
,
index_serial_hash , lh_strhash
,
init_client , init_client_ip
,
init_client_ip , close
,
init_ctx , CRYPTO_free
,
init_gen_str , EVP_PKEY_CTX_free
,
init_gost_hash_ctx , gost_init
,
init_keygen_file , EVP_PKEY_free
,
init_responder , BIO_free_all
,
init_server , init_server_long
,
init_server_long , shutdown
,
init_ssl_connection , BIO_printf
,
int_cleanup , lh_free
,
int_dup_ex_data , CRYPTO_free
,
int_free_ex_data , sk_free
,
int_get_new_index , def_add_index
,
int_new_class , CRYPTO_lock
,
int_new_ex_data , CRYPTO_free
,
keyDiversifyCryptoPro , gost_key
,
keyUnwrapCryptoPro , keyDiversifyCryptoPro
,
keyWrapCryptoPro , keyDiversifyCryptoPro
,
list_cipher , EVP_CIPHER_do_all_sorted
,
list_cipher_fn , BIO_printf
,
list_md , EVP_MD_do_all_sorted
,
list_md_fn , BIO_printf
,
list_pkey , BIO_printf
,
load_builtin_compressions , CRYPTO_lock
,
load_cert , BIO_free
,
load_certs , load_certs_crls
,
load_certs_crls , BIO_printf
,
load_config , BIO_printf
,
load_config_file , ERR_print_errors
,
load_crl , BIO_free
,
load_crls , load_certs_crls
,
load_dh_param , BIO_free
,
load_index , BIO_free_all
,
load_key , BIO_printf
,
load_netscape_key , BUF_MEM_free
,
load_pkcs12 , PKCS12_free
,
load_pubkey , BIO_printf
,
load_serial , ASN1_INTEGER_free
,
load_sess_id , BIO_free
,
lock_dbg_cb , fprintf
,
lookup_fail , BIO_printf
,
lookup_serial , BN_free
,
mac_block , f
,
mac_block_mesh , mac_block
,
mackey_free_gost , CRYPTO_free
,
main , BIO_puts
,
make_REQ , X509_REQ_set_pubkey
,
make_config_name , X509_get_default_cert_area
,
make_cp_exchange_key , init_gost_hash_ctx
,
make_names_stack , GENERAL_NAME_free
,
make_ocsp_response , ASN1_TIME_free
,
make_receipt_request , CMS_ReceiptRequest_create0
,
make_revocation_str , ASN1_UTCTIME_free
,
make_revoked , ASN1_OBJECT_free
,
md5crypt , EVP_MD_CTX_cleanup
,
mem_LHASH_COMP , mem_cmp
,
mem_LHASH_HASH , mem_hash
,
message , fprintf
,
msg_cb , BIO_ctrl
,
n_do_ssl_write , write_pending
,
n_ssl3_mac , EVP_MD_CTX_init
,
next_serial , BIO_free_all
,
nodes_print , BIO_puts
,
nseq_main , BIO_free
,
nuron_ctrl , ERR_NURON_error
,
nuron_destroy , free_NURON_LIBNAME
,
nuron_dsa_mod_exp , BN_free
,
nuron_finish , ERR_NURON_error
,
nuron_init , ERR_NURON_error
,
nuron_mod_exp , ERR_NURON_error
,
nuron_mod_exp_dh , nuron_mod_exp
,
nuron_mod_exp_dsa , nuron_mod_exp
,
nuron_mod_exp_mont , nuron_mod_exp
,
nuron_rsa_mod_exp , nuron_mod_exp
,
ocsp_main , CRYPTO_free
,
ocsp_resp_cb , BIO_puts
,
old_entry_print , BIO_printf
,
pack_sign_cp , memset
,
param_cmp_gost01 , EVP_PKEY_get0
,
param_cmp_gost94 , EVP_PKEY_get0
,
param_copy_gost01 , gost2001_compute_public
,
param_copy_gost94 , gost94_compute_public
,
param_missing_gost01 , EC_KEY_get0_group
,
param_missing_gost94 , EVP_PKEY_get0
,
param_print_gost01 , print_gost_01
,
param_print_gost94 , print_gost_94
,
parseArgs , s_time_usage
,
parse_name , CRYPTO_free
,
passwd_main , BIO_free_all
,
password_callback , UI_free
,
pkcs12_main , CRYPTO_free
,
pkcs7_main , BIO_free_all
,
pkcs8_main , CRYPTO_free
,
pkey_GOST01cp_decrypt , GOST_KEY_TRANSPORT_free
,
pkey_GOST01cp_encrypt , GOST_KEY_TRANSPORT_free
,
pkey_GOST94cp_decrypt , EVP_PKEY_free
,
pkey_GOST94cp_encrypt , GOST_KEY_TRANSPORT_free
,
pkey_ctrl_gost , PKCS7_RECIP_INFO_get0_alg
,
pkey_ctrl_string , EVP_PKEY_CTX_ctrl_str
,
pkey_free_gost01 , EC_KEY_free
,
pkey_free_gost94 , DSA_free
,
pkey_gost01_cp_sign , pack_sign_cp
,
pkey_gost01_cp_verify , DSA_SIG_free
,
pkey_gost01_paramgen , EVP_PKEY_assign
,
pkey_gost01cp_keygen , EVP_PKEY_get0
,
pkey_gost2001_derive , EVP_PKEY_get0
,
pkey_gost94_cp_sign , pack_sign_cp
,
pkey_gost94_cp_verify , DSA_SIG_free
,
pkey_gost94_derive , gost_get0_priv_key
,
pkey_gost94_paramgen , EVP_PKEY_assign
,
pkey_gost94cp_keygen , EVP_PKEY_get0
,
pkey_gost_cleanup , CRYPTO_free
,
pkey_gost_copy , EVP_PKEY_CTX_get_data
,
pkey_gost_ctrl , EVP_PKEY_CTX_get_data
,
pkey_gost_ctrl01_str , pkey_gost_ctrl
,
pkey_gost_ctrl94_str , pkey_gost_ctrl
,
pkey_gost_init , EVP_PKEY_CTX_set_data
,
pkey_gost_mac_cleanup , EVP_PKEY_CTX_get_data
,
pkey_gost_mac_copy , EVP_PKEY_CTX_get_data
,
pkey_gost_mac_ctrl , EVP_PKEY_CTX_get_data
,
pkey_gost_mac_ctrl_str , pkey_gost_mac_ctrl
,
pkey_gost_mac_init , memset
,
pkey_gost_mac_keygen , CRYPTO_malloc
,
pkey_gost_mac_signctx , EVP_DigestFinal_ex
,
pkey_main , CRYPTO_free
,
pkey_print_message , BIO_printf
,
pkeyparam_main , EVP_PKEY_free
,
pkeyutl_main , CRYPTO_free
,
policies_print , BIO_free
,
pop_info , CRYPTO_free
,
prime_main , BIO_printf
,
print_attribs , BIO_printf
,
print_gost_01 , OBJ_nid2ln
,
print_gost_94 , EVP_PKEY_get0
,
print_leak_LHASH_DOALL_ARG , print_leak_doall_arg
,
print_leak_doall_arg , CRYPTO_THREADID_cmp
,
print_message , BIO_printf
,
print_name , X509_NAME_print_ex
,
print_ocsp_summary , BIO_puts
,
print_result , BIO_printf
,
print_stats , SSL_CTX_ctrl
,
print_stuff , BIO_ctrl
,
print_word , BIO_printf
,
priv_decode_gost , gost_set_priv_key
,
priv_encode_gost , gost_get0_priv_key
,
priv_print_gost01 , print_gost_01
,
priv_print_gost94 , print_gost_94
,
process_responder , SSL_CTX_free
,
prog_init , lh_insert
,
program_name , BUF_strlcpy
,
prompt_info , BIO_printf
,
psk_client_cb , BIO_printf
,
psk_server_cb , BIO_printf
,
pub_cmp_gost01 , EC_KEY_get0_group
,
pub_cmp_gost94 , BN_cmp
,
pub_decode_gost01 , EC_POINT_free
,
pub_decode_gost94 , EVP_PKEY_get0
,
pub_encode_gost01 , X509_PUBKEY_set0_param
,
pub_encode_gost94 , X509_PUBKEY_set0_param
,
pub_print_gost01 , print_gost_01
,
pub_print_gost94 , print_gost_94
,
purpose_print , BIO_printf
,
query_command , ERR_print_errors
,
query_responder , OCSP_REQ_CTX_free
,
rand_main , BIO_free_all
,
rand_serial , BN_free
,
raw_read_stdin , fileno
,
raw_write_stdout , fileno
,
read_PKCS7 , TS_STATUS_INFO_free
,
read_n , ERR_put_error
,
receipt_request_print , CMS_ReceiptRequest_free
,
register_ameth_gost , EVP_PKEY_asn1_set_free
,
register_pmeth_gost , EVP_PKEY_meth_set_init
,
remove_session_lock , SSL_SESSION_free
,
reply_command , ERR_print_errors
,
req_check_len , BIO_printf
,
req_main , OBJ_cleanup
,
request_certificate , sk_free
,
rotate_index , BIO_printf
,
rotate_serial , BIO_printf
,
rsa_main , CRYPTO_free
,
rsautl_main , CRYPTO_free
,
s_client_main , BIO_free
,
s_server_main , BIO_free
,
s_time_main , SSL_CTX_free
,
s_time_usage , printf
,
save_certs , BIO_free
,
save_index , BIO_printf
,
save_serial , ASN1_INTEGER_free
,
save_ts_serial , BIO_free_all
,
sc_usage , BIO_printf
,
send_ocsp_response , ASN1_i2d_bio
,
serial_cb , save_ts_serial
,
server_finish , ssl2_do_write
,
server_hello , ssl2_do_write
,
server_verify , ssl2_do_write
,
sess_id_main , SSL_SESSION_free
,
set_AEP_LIBNAME , free_AEP_LIBNAME
,
set_ATALLA_LIBNAME , free_ATALLA_LIBNAME
,
set_CCA4758_LIB_NAME , free_CCA4758_LIB_NAME
,
set_CSWIFT_LIBNAME , free_CSWIFT_LIBNAME
,
set_HWCRHK_LIBNAME , free_HWCRHK_LIBNAME
,
set_NURON_LIBNAME , free_NURON_LIBNAME
,
set_UBSEC_LIBNAME , free_UBSEC_LIBNAME
,
set_cert_ex , set_multi_opts
,
set_cert_key_stuff , BIO_printf
,
set_cert_stuff , BIO_printf
,
set_client_CA_list , sk_pop_free
,
set_ext_copy , strcasecmp
,
set_hex , BIO_printf
,
set_keygen_ctx , BIO_puts
,
set_multi_opts , sk_pop_free
,
set_name_ex , set_multi_opts
,
set_pbe , BIO_printf
,
set_table_opts , strcasecmp
,
setup_engine , ENGINE_get_id
,
setup_peer , ERR_print_errors
,
setup_ui_method , UI_create_method
,
setup_verify , X509_STORE_free
,
show_ciphers , BIO_printf
,
sig_done , signal
,
sign , ERR_print_errors
,
smime_cb , policies_print
,
smime_main , CRYPTO_free
,
speed_main , EC_KEY_free
,
spkac_main , CRYPTO_free
,
ssl23_accept , ERR_put_error
,
ssl23_client_hello , ssl23_write_bytes
,
ssl23_connect , BUF_MEM_free
,
ssl23_get_cipher , ssl2_get_cipher
,
ssl23_get_cipher_by_char , ssl2_get_cipher_by_char
,
ssl23_get_client_hello , CRYPTO_free
,
ssl23_get_client_method , TLSv1_client_method
,
ssl23_get_method , TLSv1_method
,
ssl23_get_server_hello , SSL_connect
,
ssl23_get_server_method , TLSv1_server_method
,
ssl23_no_ssl2_ciphers , sk_value
,
ssl23_num_ciphers , ssl3_num_ciphers
,
ssl23_peek , ssl_undefined_function
,
ssl23_read , ssl_undefined_function
,
ssl23_read_bytes , BIO_read
,
ssl23_write , ssl_undefined_function
,
ssl23_write_bytes , BIO_write
,
ssl2_accept , ERR_put_error
,
ssl2_clear , memset
,
ssl2_connect , BUF_MEM_free
,
ssl2_do_write , ssl2_write
,
ssl2_enc , EVP_Cipher
,
ssl2_enc_init , ERR_put_error
,
ssl2_free , OPENSSL_cleanse
,
ssl2_generate_key_material , EVP_MD_CTX_cleanup
,
ssl2_get_cipher_by_char , OBJ_bsearch_ssl_cipher_id
,
ssl2_get_client_method , SSLv2_client_method
,
ssl2_get_method , SSLv2_method
,
ssl2_get_server_method , SSLv2_server_method
,
ssl2_mac , EVP_MD_CTX_init
,
ssl2_new , CRYPTO_free
,
ssl2_part_read , memmove
,
ssl2_peek , ssl2_read_internal
,
ssl2_pending , SSL_state
,
ssl2_read , ssl2_read_internal
,
ssl2_read_internal , ERR_put_error
,
ssl2_return_error , ssl2_write_error
,
ssl2_set_certificate , sk_free
,
ssl2_write , n_do_ssl_write
,
ssl2_write_error , ssl2_write
,
ssl3_accept , BIO_ctrl
,
ssl3_add_cert_to_buf , i2d_X509
,
ssl3_callback_ctrl , ERR_put_error
,
ssl3_cert_verify_mac , ssl3_handshake_mac
,
ssl3_change_cipher_state , ERR_put_error
,
ssl3_check_cert_and_algorithm , ssl3_send_alert
,
ssl3_check_client_hello , DH_free
,
ssl3_choose_cipher , sk_value
,
ssl3_cleanup_key_block , OPENSSL_cleanse
,
ssl3_clear , memset
,
ssl3_client_hello , ssl3_do_write
,
ssl3_comp_find , sk_value
,
ssl3_connect , BUF_MEM_free
,
ssl3_ctrl , CRYPTO_free
,
ssl3_ctx_ctrl , sk_push
,
ssl3_digest_cached_records , BIO_free
,
ssl3_dispatch_alert , BIO_ctrl
,
ssl3_do_change_cipher_spec , ERR_put_error
,
ssl3_do_compress , COMP_compress_block
,
ssl3_do_uncompress , COMP_expand_block
,
ssl3_do_write , ssl3_finish_mac
,
ssl3_enc , EVP_Cipher
,
ssl3_final_finish_mac , ssl3_handshake_mac
,
ssl3_finish_mac , EVP_DigestUpdate
,
ssl3_free , OPENSSL_cleanse
,
ssl3_free_digest_list , CRYPTO_free
,
ssl3_generate_key_block , OPENSSL_cleanse
,
ssl3_generate_master_secret , EVP_MD_CTX_cleanup
,
ssl3_get_cert_status , ssl3_send_alert
,
ssl3_get_cert_verify , EVP_PKEY_free
,
ssl3_get_certificate_request , sk_pop_free
,
ssl3_get_cipher_by_char , OBJ_bsearch_ssl_cipher_id
,
ssl3_get_client_certificate , sk_pop_free
,
ssl3_get_client_hello , sk_free
,
ssl3_get_client_key_exchange , BN_CTX_free
,
ssl3_get_client_method , SSLv3_client_method
,
ssl3_get_finished , ssl3_send_alert
,
ssl3_get_key_exchange , EVP_MD_CTX_cleanup
,
ssl3_get_message , ssl3_send_alert
,
ssl3_get_method , SSLv3_method
,
ssl3_get_new_session_ticket , ssl3_send_alert
,
ssl3_get_record , ssl3_send_alert
,
ssl3_get_server_certificate , sk_pop_free
,
ssl3_get_server_done , ssl3_send_alert
,
ssl3_get_server_hello , ssl3_send_alert
,
ssl3_get_server_method , SSLv3_server_method
,
ssl3_handshake_mac , EVP_DigestUpdate
,
ssl3_init_finished_mac , BIO_s_mem
,
ssl3_new , memset
,
ssl3_output_cert_chain , sk_value
,
ssl3_peek , ssl3_read_internal
,
ssl3_read , ssl3_read_internal
,
ssl3_read_bytes , ssl3_send_alert
,
ssl3_read_internal , ssl3_renegotiate_check
,
ssl3_read_n , SSL_version
,
ssl3_release_read_buffer , freelist_insert
,
ssl3_release_write_buffer , freelist_insert
,
ssl3_renegotiate_check , SSL_state
,
ssl3_send_alert , SSL_CTX_remove_session
,
ssl3_send_cert_status , ssl3_do_write
,
ssl3_send_certificate_request , ssl3_do_write
,
ssl3_send_change_cipher_spec , ssl3_do_write
,
ssl3_send_client_certificate , ssl3_do_write
,
ssl3_send_client_key_exchange , EVP_PKEY_free
,
ssl3_send_client_verify , EVP_PKEY_CTX_free
,
ssl3_send_finished , ssl3_do_write
,
ssl3_send_hello_request , ssl3_do_write
,
ssl3_send_newsession_ticket , ssl3_do_write
,
ssl3_send_server_certificate , ssl3_do_write
,
ssl3_send_server_done , ssl3_do_write
,
ssl3_send_server_hello , ssl3_do_write
,
ssl3_send_server_key_exchange , BN_CTX_free
,
ssl3_setup_buffers , ssl3_setup_write_buffer
,
ssl3_setup_key_block , ERR_put_error
,
ssl3_setup_read_buffer , ERR_put_error
,
ssl3_setup_write_buffer , ERR_put_error
,
ssl3_shutdown , ssl3_send_alert
,
ssl3_write , ssl_free_wbio_buffer
,
ssl3_write_bytes , do_ssl3_write
,
ssl3_write_pending , ssl3_release_write_buffer
,
ssl_add_clienthello_renegotiate_ext , memcpy
,
ssl_add_clienthello_tlsext , i2d_X509_EXTENSIONS
,
ssl_add_serverhello_renegotiate_ext , memcpy
,
ssl_add_serverhello_tlsext , memcpy
,
ssl_bad_method , ERR_put_error
,
ssl_buf_freelist_free , CRYPTO_free
,
ssl_bytes_to_cipher_list , sk_free
,
ssl_callback_ctrl , BIO_callback_ctrl
,
ssl_cert_dup , EVP_PKEY_free
,
ssl_cert_free , CRYPTO_free
,
ssl_cert_inst , ERR_put_error
,
ssl_cert_new , memset
,
ssl_cert_type , EVP_PKEY_free
,
ssl_check_clienthello_tlsext , ssl3_send_alert
,
ssl_check_serverhello_tlsext , ssl3_send_alert
,
ssl_check_srvr_ecc_cert_and_alg , ERR_put_error
,
ssl_cipher_apply_rule , ll_append_head
,
ssl_cipher_get_disabled , get_optional_pkey_id
,
ssl_cipher_get_evp , EVP_enc_null
,
ssl_cipher_id_cmp_BSEARCH_CMP_FN , ssl_cipher_id_cmp
,
ssl_cipher_list_to_bytes , sk_value
,
ssl_cipher_process_rulestr , ssl_cipher_apply_rule
,
ssl_cipher_strength_sort , CRYPTO_free
,
ssl_clear_bad_session , SSL_CTX_remove_session
,
ssl_clear_cipher_ctx , COMP_CTX_free
,
ssl_clear_hash_ctx , EVP_MD_CTX_destroy
,
ssl_create_cipher_list , sk_sort
,
ssl_ctrl , BIO_ctrl
,
ssl_do_client_cert_cb , SSL_get_client_CA_list
,
ssl_free , CRYPTO_free
,
ssl_free_wbio_buffer , BIO_free
,
ssl_get_new_session , memcpy
,
ssl_get_prev_session , SSL_SESSION_free
,
ssl_get_server_send_cert , ERR_put_error
,
ssl_get_sign_pkey , ERR_put_error
,
ssl_init_wbio_buffer , BIO_pop
,
ssl_load_ciphers , EVP_get_digestbyname
,
ssl_new , memset
,
ssl_parse_clienthello_renegotiate_ext , ERR_put_error
,
ssl_parse_clienthello_tlsext , ERR_put_error
,
ssl_parse_serverhello_renegotiate_ext , ERR_put_error
,
ssl_parse_serverhello_tlsext , ERR_put_error
,
ssl_prepare_clienthello_tlsext , ERR_put_error
,
ssl_prepare_serverhello_tlsext , ERR_put_error
,
ssl_puts , strlen
,
ssl_read , BIO_clear_flags
,
ssl_replace_hash , EVP_DigestInit_ex
,
ssl_rsa_private_decrypt , ERR_put_error
,
ssl_rsa_public_encrypt , EVP_PKEY_free
,
ssl_servername_cb , BIO_printf
,
ssl_sess_cert_free , CRYPTO_free
,
ssl_sess_cert_new , memset
,
ssl_session_LHASH_COMP , ssl_session_cmp
,
ssl_session_LHASH_HASH , ssl_session_hash
,
ssl_session_cmp , memcmp
,
ssl_set_cert , CRYPTO_add_lock
,
ssl_set_cert_masks , strstr
,
ssl_set_pkey , CRYPTO_add_lock
,
ssl_undefined_const_function , ERR_put_error
,
ssl_undefined_function , ERR_put_error
,
ssl_undefined_void_function , ERR_put_error
,
ssl_update_cache , time
,
ssl_verify_cert_chain , X509_STORE_CTX_cleanup
,
ssl_write , BIO_clear_flags
,
sstrsep , memset
,
start_hash , memset
,
store_bignum , memset
,
str2fmt , __builtin_strcmp
,
sureware_load_public , DSA_free
,
surewarehk_ctrl , ERR_SUREWARE_error
,
surewarehk_destroy , ERR_unload_SUREWARE_strings
,
surewarehk_dsa_do_sign , DSA_SIG_free
,
surewarehk_dsa_mod_exp , BN_free
,
surewarehk_error_handling , CRYPTO_lock
,
surewarehk_ex_free , ERR_SUREWARE_error
,
surewarehk_finish , BIO_free
,
surewarehk_init , DSO_free
,
surewarehk_load_privkey , sureware_load_public
,
surewarehk_load_pubkey , sureware_load_public
,
surewarehk_mod_exp_mont , surewarehk_modexp
,
surewarehk_modexp , surewarehk_error_handling
,
surewarehk_modexp_dh , surewarehk_modexp
,
surewarehk_rand_add , surewarehk_rand_seed
,
surewarehk_rand_bytes , surewarehk_error_handling
,
surewarehk_rand_seed , surewarehk_error_handling
,
surewarehk_rsa_priv_dec , OPENSSL_cleanse
,
surewarehk_rsa_sign , ERR_SUREWARE_error
,
sv_body , BIO_printf
,
sv_usage , BIO_printf
,
test_add , BN_free
,
test_div , BN_free
,
test_div_recp , BN_free
,
test_div_word , BN_free
,
test_exp , BN_free
,
test_gf2m_add , BN_free
,
test_gf2m_mod , BN_free
,
test_gf2m_mod_div , BN_free
,
test_gf2m_mod_exp , BN_free
,
test_gf2m_mod_inv , BN_free
,
test_gf2m_mod_mul , BN_free
,
test_gf2m_mod_solve_quad , BN_free
,
test_gf2m_mod_sqr , BN_free
,
test_gf2m_mod_sqrt , BN_free
,
test_kron , BN_free
,
test_lshift , BN_free
,
test_lshift1 , BN_free
,
test_mod , BN_free
,
test_mod_exp , BN_free
,
test_mod_exp_mont_consttime , BN_free
,
test_mod_mul , BN_free
,
test_mont , BN_MONT_CTX_free
,
test_mul , BN_free
,
test_rshift , BN_free
,
test_rshift1 , BN_free
,
test_sqr , BN_free
,
test_sqrt , BN_free
,
test_sub , BN_free
,
timeout_LHASH_DOALL_ARG , timeout_doall_arg
,
timeout_doall_arg , SSL_SESSION_free
,
tls1_PRF , tls1_P_hash
,
tls1_P_hash , HMAC_CTX_cleanup
,
tls1_cert_verify_mac , EVP_MD_CTX_init
,
tls1_change_cipher_state , ERR_put_error
,
tls1_clear , ssl3_clear
,
tls1_enc , memcmp
,
tls1_final_finish_mac , EVP_MD_CTX_cleanup
,
tls1_free , ssl3_free
,
tls1_generate_key_block , tls1_PRF
,
tls1_generate_master_secret , tls1_PRF
,
tls1_get_client_method , TLSv1_client_method
,
tls1_get_method , TLSv1_method
,
tls1_get_server_method , TLSv1_server_method
,
tls1_mac , EVP_MD_CTX_cleanup
,
tls1_new , ssl3_new
,
tls1_process_ticket , tls_decrypt_ticket
,
tls1_setup_key_block , OPENSSL_cleanse
,
tls_decrypt_ticket , memcpy
,
tlsext_cb , BIO_printf
,
tm_Time_F , app_tminterval
,
tmp_rsa_cb , BN_free
,
transform_3 , memmove
,
try_load_engine , ENGINE_free
,
ts_main , BIO_free_all
,
txt2obj , BIO_printf
,
ubsec_ctrl , ERR_UBSEC_error
,
ubsec_destroy , free_UBSEC_LIBNAME
,
ubsec_dh_compute_key , ERR_UBSEC_error
,
ubsec_dh_generate_key , ERR_UBSEC_error
,
ubsec_dsa_do_sign , BN_clear_free
,
ubsec_dsa_verify , BN_clear_free
,
ubsec_finish , ERR_UBSEC_error
,
ubsec_init , DSO_free
,
ubsec_mod_exp , BN_num_bits
,
ubsec_mod_exp_crt , BN_num_bits
,
ubsec_mod_exp_dh , ubsec_mod_exp
,
ubsec_mod_exp_mont , ubsec_mod_exp
,
ubsec_rsa_mod_exp , RSA_PKCS1_SSLeay
,
ui_close , UI_OpenSSL
,
ui_open , UI_OpenSSL
,
ui_read , UI_OpenSSL
,
ui_write , UI_OpenSSL
,
unpack_cp_signature , getbnfrombuf
,
unpack_revinfo , ASN1_GENERALIZEDTIME_free
,
usage , BIO_printf
,
util_do_cmds , BIO_printf
,
util_flags , BIO_printf
,
util_verbose , CRYPTO_free
,
verify_callback , BIO_printf
,
verify_command , BIO_free_all
,
verify_cookie_callback , memcmp
,
verify_main , sk_pop_free
,
version_main , SSLeay_version
,
write_new_certificate , PEM_write_bio_X509
,
write_pending , ERR_put_error
,
www_body , BIO_free_all
,
x509_certify , ASN1_INTEGER_free
,
x509_load_serial , BN_free
,
x509_main , CRYPTO_free
,
xname_cmp , X509_NAME_cmp
